{"cameraMode":{"drawMode":0,"name":"Shaded","section":"Shading Mode"},"sceneLighting":true,"audioPlay":false,"sceneViewState":{"m_AlwaysRefresh":false,"showFog":true,"showSkybox":true,"showFlares":true,"showImageEffects":true,"showParticleSystems":true,"showVisualEffectGraphs":true,"m_FxEnabled":true},"in2DMode":false,"pivot":{"x":1.186859369277954,"y":1.1500513553619385,"z":-0.26056337356567385},"rotation":{"x":0.24024367332458497,"y":-0.5622835755348206,"z":0.1750478446483612,"w":0.7716876864433289},"size":2.2864649295806886,"orthographic":false}