{"cameraMode":{"drawMode":0,"name":"Shaded","section":"Shading Mode"},"sceneLighting":true,"audioPlay":false,"sceneViewState":{"m_AlwaysRefresh":false,"showFog":true,"showSkybox":true,"showFlares":true,"showImageEffects":true,"showParticleSystems":true,"showVisualEffectGraphs":true,"m_FxEnabled":true},"in2DMode":false,"pivot":{"x":0.7480015158653259,"y":1.570999026298523,"z":-1.4406447410583497},"rotation":{"x":0.17287276685237885,"y":-0.6877673268318176,"z":0.17400915920734406,"w":0.68325275182724},"size":0.48646503686904909,"orthographic":false}