{"cameraMode":{"drawMode":0,"name":"Shaded","section":"Shading Mode"},"sceneLighting":true,"audioPlay":false,"sceneViewState":{"m_AlwaysRefresh":false,"showFog":true,"showSkybox":true,"showFlares":true,"showImageEffects":true,"showParticleSystems":true,"showVisualEffectGraphs":true,"m_FxEnabled":true},"in2DMode":false,"pivot":{"x":2.4591119289398195,"y":3.925260305404663,"z":3.848055362701416},"rotation":{"x":0.17453302443027497,"y":-0.8243798613548279,"z":0.35664433240890505,"w":0.4034254550933838},"size":0.11353498697280884,"orthographic":false}